{
"DST" : {
    "t" : 1.9704695126502552,
    "std_error" : 16.642562256863965,
    "x_mean" : 12.573799126637555,
    "n" : 229,
    "denominator" : 10482.502794759825,
    "x4" : -0.00126706350,
    "x3" : 0.0865673121,
    "x2" : -1.79697465,
    "x" : 7.12506311,
    "c" : 92.2677491
},
"GMT" : {
    "t" : 1.9684119005005785,
    "std_error" : 6.480886065230298,
    "x_mean" : 3.4788732394366195,
    "n" : 284,
    "denominator" : 1735.2132394366197,
    "x4" : 0,
    "x3" : 0,
    "x2" : -0.56601183,
    "x" : 1.99922869,
    "c" : 98.90801227
}
}